"","Date","variable","value"
"1",2012-06-27,"Fridge",8.18722222222222
"2",2012-06-28,"Fridge",11.0097222222222
"3",2012-06-29,"Fridge",12.9463888888889
"4",2012-06-30,"Fridge",9.10611111111111
"5",2012-07-01,"Fridge",8.27666666666667
"6",2012-07-02,"Fridge",7.97555555555556
"7",2012-07-03,"Fridge",8.2
"8",2012-07-04,"Fridge",7.70388888888889
"9",2012-07-05,"Fridge",8.20916666666667
"10",2012-07-06,"Fridge",7.16027777777778
"11",2012-07-07,"Fridge",7.41333333333333
"12",2012-07-08,"Fridge",7.62916666666667
"13",2012-07-09,"Fridge",8.32166666666667
"14",2012-07-10,"Fridge",8.08
"15",2012-07-11,"Fridge",7.98388888888889
"16",2012-07-12,"Fridge",7.72777777777778
"17",2012-07-13,"Fridge",7.30583333333333
"18",2012-07-14,"Fridge",7.65111111111111
"19",2012-07-15,"Fridge",8.07166666666667
"20",2012-07-16,"Fridge",6.80916666666667
"21",2012-07-17,"Fridge",6.70111111111111
"22",2012-07-18,"Fridge",6.94
"23",2012-07-19,"Fridge",7.10583333333333
"24",2012-07-20,"Fridge",7.40888888888889
"25",2012-07-21,"Fridge",7.21472222222222
"26",2012-07-22,"Fridge",7.155
"27",2012-07-23,"Fridge",7.20583333333333
"28",2012-07-24,"Fridge",8.55166666666667
"29",2012-07-25,"Fridge",8.43777777777778
"30",2012-07-26,"Fridge",9.06083333333333
"31",2012-07-27,"Fridge",9.80694444444444
"32",2012-07-28,"Fridge",10.2366666666667
"33",2012-07-29,"Fridge",8.79166666666667
"34",2012-07-30,"Fridge",8.30888888888889
"35",2012-07-31,"Fridge",8.60861111111111
"36",2012-08-01,"Fridge",10.0905555555556
"37",2012-08-02,"Fridge",10.1711111111111
"38",2012-08-03,"Fridge",9.59222222222222
"39",2012-08-04,"Fridge",10.5325
"40",2012-08-05,"Fridge",9.73722222222222
"41",2012-08-06,"Fridge",9.155
"42",2012-08-07,"Fridge",8.28333333333333
"43",2012-08-08,"Fridge",9.19666666666667
"44",2012-08-09,"Fridge",8.475
"45",2012-08-10,"Fridge",8.05388888888889
"46",2012-08-11,"Fridge",8.48583333333333
"47",2012-08-12,"Fridge",9.02722222222222
"48",2012-08-13,"Fridge",8.89666666666667
"49",2012-08-14,"Fridge",8.98527777777778
"50",2012-08-15,"Fridge",9.67833333333333
"51",2012-08-16,"Fridge",10.4791666666667
"52",2012-08-17,"Fridge",9.62805555555556
"53",2012-08-18,"Fridge",9.54361111111111
"54",2012-08-19,"Fridge",10.2275
"55",2012-08-20,"Fridge",10.2847222222222
"56",2012-08-21,"Fridge",10.875
"57",2012-08-22,"Fridge",11.0666666666667
"58",2012-08-23,"Fridge",10.8147222222222
"59",2012-08-24,"Fridge",9.75777777777778
"60",2012-08-25,"Fridge",9.75166666666667
"61",2012-08-26,"Fridge",8.81388888888889
"62",2012-08-27,"Fridge",8.58916666666667
"63",2012-08-28,"Fridge",8.86416666666667
"64",2012-08-29,"Fridge",8.99583333333333
"65",2012-08-30,"Fridge",8.99388888888889
"66",2012-08-31,"Fridge",7.66583333333333
"67",2012-09-01,"Fridge",6.9675
"68",2012-09-02,"Fridge",6.93027777777778
"69",2012-09-03,"Fridge",7.62638888888889
"70",2012-09-04,"Fridge",7.58916666666667
"71",2012-09-05,"Fridge",18.7088888888889
"72",2012-09-06,"Fridge",16.1236111111111
"73",2012-09-07,"Fridge",8.77138888888889
"74",2012-09-08,"Fridge",7.37666666666667
"75",2012-09-09,"Fridge",17.43
"76",2012-09-10,"Fridge",19.7127777777778
"77",2012-09-11,"Fridge",7.22166666666667
"78",2012-09-12,"Fridge",7.60416666666667
"79",2012-09-13,"Fridge",7.62166666666667
"80",2012-09-14,"Fridge",8.01166666666667
"81",2012-09-15,"Fridge",7.27638888888889
"82",2012-09-16,"Fridge",7.19666666666667
"83",2012-09-17,"Fridge",7.29805555555556
"84",2012-09-18,"Fridge",7.58055555555556
"85",2012-09-19,"Fridge",7.65777777777778
"86",2012-09-20,"Fridge",7.33138888888889
"87",2012-09-21,"Fridge",7.22944444444444
"88",2012-09-22,"Fridge",7.16805555555556
"89",2012-09-23,"Fridge",7.33388888888889
"90",2012-09-24,"Fridge",7.50305555555556
"91",2012-09-25,"Fridge",7.40027777777778
"92",2012-09-26,"Fridge",7.47194444444444
"93",2012-09-27,"Fridge",6.53111111111111
"94",2012-09-28,"Fridge",6.69638888888889
"95",2012-09-29,"Fridge",6.7725
"96",2012-09-30,"Fridge",7.2675
"97",2012-10-01,"Fridge",6.80694444444444
"98",2012-10-02,"Fridge",7.79888888888889
"99",2012-10-03,"Fridge",7.35388888888889
"100",2012-10-04,"Fridge",7.34055555555556
"101",2012-10-05,"Fridge",7.56111111111111
"102",2012-10-06,"Fridge",7.30027777777778
"103",2012-10-07,"Fridge",7.14666666666667
"104",2012-10-08,"Fridge",6.80111111111111
"105",2012-10-09,"Fridge",7.23888888888889
"106",2012-10-10,"Fridge",7.14888888888889
"107",2012-10-11,"Fridge",7.28611111111111
"108",2012-10-12,"Fridge",7.3925
"109",2012-10-13,"Fridge",7.47083333333333
"110",2012-10-14,"Fridge",7.18361111111111
"111",2012-10-15,"Fridge",7.53277777777778
"112",2012-10-16,"Fridge",7.305
"113",2012-10-17,"Fridge",7.64861111111111
"114",2012-10-18,"Fridge",7.68222222222222
"115",2012-10-19,"Fridge",7.21333333333333
"116",2012-10-20,"Fridge",18.9011111111111
"117",2012-10-21,"Fridge",19.89
"118",2012-10-22,"Fridge",7.12583333333333
"119",2012-10-23,"Fridge",6.83972222222222
"120",2012-10-24,"Fridge",7.315
"121",2012-10-25,"Fridge",7.09916666666667
"122",2012-10-26,"Fridge",7.18111111111111
"123",2012-10-27,"Fridge",6.94833333333333
"124",2012-10-28,"Fridge",7.28722222222222
"125",2012-10-29,"Fridge",6.70805555555556
"126",2012-10-30,"Fridge",6.79861111111111
"127",2012-10-31,"Fridge",6.91277777777778
"128",2012-11-01,"Fridge",6.57944444444444
"129",2012-11-02,"Fridge",7.10666666666667
"130",2012-11-03,"Fridge",7.005
"131",2012-11-04,"Fridge",7.31055555555556
"132",2012-11-05,"Fridge",6.91
"133",2012-11-06,"Fridge",6.595
"134",2012-11-07,"Fridge",6.67222222222222
"135",2012-11-08,"Fridge",7.69416666666667
"136",2012-11-09,"Fridge",7.37722222222222
"137",2012-11-10,"Fridge",7.26055555555556
"138",2012-11-11,"Fridge",8.18944444444444
"139",2012-11-12,"Fridge",6.63305555555556
"140",2012-11-13,"Fridge",6.37777777777778
"141",2012-11-14,"Fridge",7.03305555555556
"142",2012-11-15,"Fridge",6.41
"143",2012-11-16,"Fridge",6.80222222222222
"144",2012-11-17,"Fridge",6.89111111111111
"145",2012-11-18,"Fridge",6.93055555555556
"146",2012-11-19,"Fridge",7.11166666666667
"147",2012-11-20,"Fridge",6.88166666666667
"148",2012-11-21,"Fridge",6.60638888888889
"149",2012-11-22,"Fridge",7.04805555555556
"150",2012-11-23,"Fridge",6.765
"151",2012-11-24,"Fridge",6.92777777777778
"152",2012-11-25,"Fridge",6.715
"153",2012-11-26,"Fridge",10.3719444444444
"154",2012-11-27,"Fridge",6.47805555555556
"155",2012-11-28,"Fridge",6.6975
"156",2012-11-29,"Fridge",7.235
"157",2012-11-30,"Fridge",7.2325
"158",2012-12-01,"Fridge",6.88027777777778
"159",2012-12-02,"Fridge",7.25138888888889
"160",2012-12-03,"Fridge",7.22611111111111
"161",2012-12-04,"Fridge",6.48333333333333
"162",2012-12-05,"Fridge",7.05527777777778
"163",2012-12-06,"Fridge",6.955
"164",2012-12-07,"Fridge",7.32888888888889
"165",2012-12-08,"Fridge",6.78694444444444
"166",2012-12-09,"Fridge",7.01305555555556
"167",2012-12-10,"Fridge",6.29916666666667
"168",2012-12-11,"Fridge",6.45722222222222
"169",2012-12-12,"Fridge",6.42333333333333
"170",2012-12-13,"Fridge",6.92388888888889
"171",2012-12-14,"Fridge",6.77333333333333
"172",2012-12-15,"Fridge",6.62222222222222
"173",2012-12-16,"Fridge",6.5575
"174",2012-12-17,"Fridge",6.48166666666667
"175",2012-12-18,"Fridge",6.865
"176",2012-12-19,"Fridge",6.40555555555556
"177",2012-12-20,"Fridge",6.24527777777778
"178",2012-12-21,"Fridge",6.58388888888889
"179",2012-12-22,"Fridge",6.18277777777778
"180",2012-12-23,"Fridge",6.23527777777778
"181",2012-12-24,"Fridge",6.39972222222222
"182",2012-12-25,"Fridge",6.04305555555556
"183",2012-12-26,"Fridge",7.59527777777778
"184",2012-12-27,"Fridge",6.75861111111111
"185",2012-12-28,"Fridge",6.34277777777778
"186",2012-12-29,"Fridge",6.04555555555556
"187",2012-12-30,"Fridge",5.80722222222222
"188",2012-12-31,"Fridge",5.96527777777778
"189",2013-01-01,"Fridge",5.76861111111111
"190",2013-01-02,"Fridge",6.13361111111111
"191",2013-01-03,"Fridge",5.89861111111111
"192",2013-01-04,"Fridge",5.87972222222222
"193",2013-01-05,"Fridge",5.70166666666667
"194",2013-01-06,"Fridge",11.0608333333333
"195",2013-01-07,"Fridge",0
"196",2012-06-27,"Kitchen_appliances",6.37
"197",2012-06-28,"Kitchen_appliances",9.81361111111111
"198",2012-06-29,"Kitchen_appliances",11.7863888888889
"199",2012-06-30,"Kitchen_appliances",6.61777777777778
"200",2012-07-01,"Kitchen_appliances",6.71194444444444
"201",2012-07-02,"Kitchen_appliances",6.89277777777778
"202",2012-07-03,"Kitchen_appliances",7.085
"203",2012-07-04,"Kitchen_appliances",6.5625
"204",2012-07-05,"Kitchen_appliances",6.42777777777778
"205",2012-07-06,"Kitchen_appliances",6.79638888888889
"206",2012-07-07,"Kitchen_appliances",6.49888888888889
"207",2012-07-08,"Kitchen_appliances",6.88277777777778
"208",2012-07-09,"Kitchen_appliances",6.70833333333333
"209",2012-07-10,"Kitchen_appliances",6.82555555555556
"210",2012-07-11,"Kitchen_appliances",6.9575
"211",2012-07-12,"Kitchen_appliances",6.70027777777778
"212",2012-07-13,"Kitchen_appliances",7.76083333333333
"213",2012-07-14,"Kitchen_appliances",6.55972222222222
"214",2012-07-15,"Kitchen_appliances",7.24166666666667
"215",2012-07-16,"Kitchen_appliances",6.08722222222222
"216",2012-07-17,"Kitchen_appliances",5.9625
"217",2012-07-18,"Kitchen_appliances",6.07555555555556
"218",2012-07-19,"Kitchen_appliances",6.02888888888889
"219",2012-07-20,"Kitchen_appliances",6.03861111111111
"220",2012-07-21,"Kitchen_appliances",6.32694444444444
"221",2012-07-22,"Kitchen_appliances",6.36527777777778
"222",2012-07-23,"Kitchen_appliances",6.67972222222222
"223",2012-07-24,"Kitchen_appliances",6.45472222222222
"224",2012-07-25,"Kitchen_appliances",6.54055555555556
"225",2012-07-26,"Kitchen_appliances",6.42166666666667
"226",2012-07-27,"Kitchen_appliances",6.74222222222222
"227",2012-07-28,"Kitchen_appliances",6.42833333333333
"228",2012-07-29,"Kitchen_appliances",6.53333333333333
"229",2012-07-30,"Kitchen_appliances",6.7375
"230",2012-07-31,"Kitchen_appliances",6.72805555555556
"231",2012-08-01,"Kitchen_appliances",6.39583333333333
"232",2012-08-02,"Kitchen_appliances",6.70055555555556
"233",2012-08-03,"Kitchen_appliances",5.51305555555556
"234",2012-08-04,"Kitchen_appliances",1.74638888888889
"235",2012-08-05,"Kitchen_appliances",1.55583333333333
"236",2012-08-06,"Kitchen_appliances",2.40861111111111
"237",2012-08-07,"Kitchen_appliances",1.58666666666667
"238",2012-08-08,"Kitchen_appliances",2.05888888888889
"239",2012-08-09,"Kitchen_appliances",1.82944444444444
"240",2012-08-10,"Kitchen_appliances",1.79805555555556
"241",2012-08-11,"Kitchen_appliances",1.755
"242",2012-08-12,"Kitchen_appliances",2.11388888888889
"243",2012-08-13,"Kitchen_appliances",2.33861111111111
"244",2012-08-14,"Kitchen_appliances",4.23111111111111
"245",2012-08-15,"Kitchen_appliances",2.68333333333333
"246",2012-08-16,"Kitchen_appliances",1.9175
"247",2012-08-17,"Kitchen_appliances",3.15972222222222
"248",2012-08-18,"Kitchen_appliances",1.955
"249",2012-08-19,"Kitchen_appliances",2.49472222222222
"250",2012-08-20,"Kitchen_appliances",2.72222222222222
"251",2012-08-21,"Kitchen_appliances",5.60777777777778
"252",2012-08-22,"Kitchen_appliances",6.80722222222222
"253",2012-08-23,"Kitchen_appliances",6.80111111111111
"254",2012-08-24,"Kitchen_appliances",6.87194444444444
"255",2012-08-25,"Kitchen_appliances",7.20666666666667
"256",2012-08-26,"Kitchen_appliances",7.24972222222222
"257",2012-08-27,"Kitchen_appliances",7.09222222222222
"258",2012-08-28,"Kitchen_appliances",7.37194444444444
"259",2012-08-29,"Kitchen_appliances",6.58222222222222
"260",2012-08-30,"Kitchen_appliances",8.71944444444444
"261",2012-08-31,"Kitchen_appliances",7.06972222222222
"262",2012-09-01,"Kitchen_appliances",6.94305555555556
"263",2012-09-02,"Kitchen_appliances",6.10555555555556
"264",2012-09-03,"Kitchen_appliances",6.64361111111111
"265",2012-09-04,"Kitchen_appliances",6.74277777777778
"266",2012-09-05,"Kitchen_appliances",18.405
"267",2012-09-06,"Kitchen_appliances",14.9097222222222
"268",2012-09-07,"Kitchen_appliances",6.23277777777778
"269",2012-09-08,"Kitchen_appliances",6.15611111111111
"270",2012-09-09,"Kitchen_appliances",16.9427777777778
"271",2012-09-10,"Kitchen_appliances",19.4747222222222
"272",2012-09-11,"Kitchen_appliances",6.25361111111111
"273",2012-09-12,"Kitchen_appliances",6.04722222222222
"274",2012-09-13,"Kitchen_appliances",6.18888888888889
"275",2012-09-14,"Kitchen_appliances",6.11972222222222
"276",2012-09-15,"Kitchen_appliances",6.10583333333333
"277",2012-09-16,"Kitchen_appliances",6.25083333333333
"278",2012-09-17,"Kitchen_appliances",6.2775
"279",2012-09-18,"Kitchen_appliances",6.3
"280",2012-09-19,"Kitchen_appliances",6.56166666666667
"281",2012-09-20,"Kitchen_appliances",6.63555555555556
"282",2012-09-21,"Kitchen_appliances",6.68055555555556
"283",2012-09-22,"Kitchen_appliances",6.18555555555556
"284",2012-09-23,"Kitchen_appliances",6.27777777777778
"285",2012-09-24,"Kitchen_appliances",6.22444444444444
"286",2012-09-25,"Kitchen_appliances",6.49166666666667
"287",2012-09-26,"Kitchen_appliances",5.97888888888889
"288",2012-09-27,"Kitchen_appliances",5.84166666666667
"289",2012-09-28,"Kitchen_appliances",5.81833333333333
"290",2012-09-29,"Kitchen_appliances",6.22861111111111
"291",2012-09-30,"Kitchen_appliances",6.4725
"292",2012-10-01,"Kitchen_appliances",6.11361111111111
"293",2012-10-02,"Kitchen_appliances",6.3025
"294",2012-10-03,"Kitchen_appliances",8.03611111111111
"295",2012-10-04,"Kitchen_appliances",6.27
"296",2012-10-05,"Kitchen_appliances",6.05944444444444
"297",2012-10-06,"Kitchen_appliances",4.32527777777778
"298",2012-10-07,"Kitchen_appliances",1.95
"299",2012-10-08,"Kitchen_appliances",1.65638888888889
"300",2012-10-09,"Kitchen_appliances",1.96083333333333
"301",2012-10-10,"Kitchen_appliances",1.62611111111111
"302",2012-10-11,"Kitchen_appliances",2.24972222222222
"303",2012-10-12,"Kitchen_appliances",1.86916666666667
"304",2012-10-13,"Kitchen_appliances",1.61861111111111
"305",2012-10-14,"Kitchen_appliances",2.76888888888889
"306",2012-10-15,"Kitchen_appliances",1.82833333333333
"307",2012-10-16,"Kitchen_appliances",1.70361111111111
"308",2012-10-17,"Kitchen_appliances",2.22805555555556
"309",2012-10-18,"Kitchen_appliances",1.59055555555556
"310",2012-10-19,"Kitchen_appliances",1.82777777777778
"311",2012-10-20,"Kitchen_appliances",17.1747222222222
"312",2012-10-21,"Kitchen_appliances",19.6941666666667
"313",2012-10-22,"Kitchen_appliances",6.43944444444444
"314",2012-10-23,"Kitchen_appliances",6.39472222222222
"315",2012-10-24,"Kitchen_appliances",6.27638888888889
"316",2012-10-25,"Kitchen_appliances",6.82416666666667
"317",2012-10-26,"Kitchen_appliances",5.97972222222222
"318",2012-10-27,"Kitchen_appliances",5.86944444444444
"319",2012-10-28,"Kitchen_appliances",6.33194444444444
"320",2012-10-29,"Kitchen_appliances",6.13416666666667
"321",2012-10-30,"Kitchen_appliances",6.48888888888889
"322",2012-10-31,"Kitchen_appliances",6.20083333333333
"323",2012-11-01,"Kitchen_appliances",5.99694444444444
"324",2012-11-02,"Kitchen_appliances",6.60388888888889
"325",2012-11-03,"Kitchen_appliances",6.32027777777778
"326",2012-11-04,"Kitchen_appliances",6.64694444444444
"327",2012-11-05,"Kitchen_appliances",6.33638888888889
"328",2012-11-06,"Kitchen_appliances",7.09666666666667
"329",2012-11-07,"Kitchen_appliances",10.735
"330",2012-11-08,"Kitchen_appliances",7.26166666666667
"331",2012-11-09,"Kitchen_appliances",5.96666666666667
"332",2012-11-10,"Kitchen_appliances",6.06555555555556
"333",2012-11-11,"Kitchen_appliances",6.45166666666667
"334",2012-11-12,"Kitchen_appliances",6.30888888888889
"335",2012-11-13,"Kitchen_appliances",6.1175
"336",2012-11-14,"Kitchen_appliances",6.50638888888889
"337",2012-11-15,"Kitchen_appliances",6.34777777777778
"338",2012-11-16,"Kitchen_appliances",7.11055555555556
"339",2012-11-17,"Kitchen_appliances",6.49416666666667
"340",2012-11-18,"Kitchen_appliances",6.44472222222222
"341",2012-11-19,"Kitchen_appliances",6.55666666666667
"342",2012-11-20,"Kitchen_appliances",6.20222222222222
"343",2012-11-21,"Kitchen_appliances",6.70138888888889
"344",2012-11-22,"Kitchen_appliances",6.64416666666667
"345",2012-11-23,"Kitchen_appliances",7.92972222222222
"346",2012-11-24,"Kitchen_appliances",6.72777777777778
"347",2012-11-25,"Kitchen_appliances",6.99611111111111
"348",2012-11-26,"Kitchen_appliances",10.5305555555556
"349",2012-11-27,"Kitchen_appliances",6.82694444444444
"350",2012-11-28,"Kitchen_appliances",6.67277777777778
"351",2012-11-29,"Kitchen_appliances",6.95944444444444
"352",2012-11-30,"Kitchen_appliances",6.79611111111111
"353",2012-12-01,"Kitchen_appliances",6.69972222222222
"354",2012-12-02,"Kitchen_appliances",10.3411111111111
"355",2012-12-03,"Kitchen_appliances",6.57833333333333
"356",2012-12-04,"Kitchen_appliances",6.81222222222222
"357",2012-12-05,"Kitchen_appliances",4.03055555555556
"358",2012-12-06,"Kitchen_appliances",2.84
"359",2012-12-07,"Kitchen_appliances",1.7
"360",2012-12-08,"Kitchen_appliances",1.84333333333333
"361",2012-12-09,"Kitchen_appliances",4.44861111111111
"362",2012-12-10,"Kitchen_appliances",2.00527777777778
"363",2012-12-11,"Kitchen_appliances",1.68138888888889
"364",2012-12-12,"Kitchen_appliances",2.50916666666667
"365",2012-12-13,"Kitchen_appliances",1.75138888888889
"366",2012-12-14,"Kitchen_appliances",1.69361111111111
"367",2012-12-15,"Kitchen_appliances",3.31722222222222
"368",2012-12-16,"Kitchen_appliances",1.76416666666667
"369",2012-12-17,"Kitchen_appliances",1.96555555555556
"370",2012-12-18,"Kitchen_appliances",2.415
"371",2012-12-19,"Kitchen_appliances",1.80916666666667
"372",2012-12-20,"Kitchen_appliances",1.91555555555556
"373",2012-12-21,"Kitchen_appliances",2.86861111111111
"374",2012-12-22,"Kitchen_appliances",1.63055555555556
"375",2012-12-23,"Kitchen_appliances",1.68444444444444
"376",2012-12-24,"Kitchen_appliances",3.84611111111111
"377",2012-12-25,"Kitchen_appliances",1.80194444444444
"378",2012-12-26,"Kitchen_appliances",3.48111111111111
"379",2012-12-27,"Kitchen_appliances",2.17944444444444
"380",2012-12-28,"Kitchen_appliances",2.88111111111111
"381",2012-12-29,"Kitchen_appliances",1.8025
"382",2012-12-30,"Kitchen_appliances",1.73361111111111
"383",2012-12-31,"Kitchen_appliances",3.10583333333333
"384",2013-01-01,"Kitchen_appliances",1.87
"385",2013-01-02,"Kitchen_appliances",2.16555555555556
"386",2013-01-03,"Kitchen_appliances",1.89861111111111
"387",2013-01-04,"Kitchen_appliances",3.17444444444444
"388",2013-01-05,"Kitchen_appliances",2.12638888888889
"389",2013-01-06,"Kitchen_appliances",8.3025
"390",2013-01-07,"Kitchen_appliances",0
"391",2012-06-27,"Lamp",6.86833333333333
"392",2012-06-28,"Lamp",9.56527777777778
"393",2012-06-29,"Lamp",11.3247222222222
"394",2012-06-30,"Lamp",6.89444444444444
"395",2012-07-01,"Lamp",6.68222222222222
"396",2012-07-02,"Lamp",6.77694444444444
"397",2012-07-03,"Lamp",7.16333333333333
"398",2012-07-04,"Lamp",6.61833333333333
"399",2012-07-05,"Lamp",6.79472222222222
"400",2012-07-06,"Lamp",6.70361111111111
"401",2012-07-07,"Lamp",7.34583333333333
"402",2012-07-08,"Lamp",7.41833333333333
"403",2012-07-09,"Lamp",7.17861111111111
"404",2012-07-10,"Lamp",6.96916666666667
"405",2012-07-11,"Lamp",7.04055555555556
"406",2012-07-12,"Lamp",7.11111111111111
"407",2012-07-13,"Lamp",7.32611111111111
"408",2012-07-14,"Lamp",6.71861111111111
"409",2012-07-15,"Lamp",7.34138888888889
"410",2012-07-16,"Lamp",6.07583333333333
"411",2012-07-17,"Lamp",6.10055555555556
"412",2012-07-18,"Lamp",6.04305555555556
"413",2012-07-19,"Lamp",6.11194444444444
"414",2012-07-20,"Lamp",6.08555555555556
"415",2012-07-21,"Lamp",6.55333333333333
"416",2012-07-22,"Lamp",6.43361111111111
"417",2012-07-23,"Lamp",7.18805555555556
"418",2012-07-24,"Lamp",6.83888888888889
"419",2012-07-25,"Lamp",6.97444444444444
"420",2012-07-26,"Lamp",6.98888888888889
"421",2012-07-27,"Lamp",6.97083333333333
"422",2012-07-28,"Lamp",7.08333333333333
"423",2012-07-29,"Lamp",7.03833333333333
"424",2012-07-30,"Lamp",7.175
"425",2012-07-31,"Lamp",7.04555555555556
"426",2012-08-01,"Lamp",7.08638888888889
"427",2012-08-02,"Lamp",7.05472222222222
"428",2012-08-03,"Lamp",6.85833333333333
"429",2012-08-04,"Lamp",7.11944444444444
"430",2012-08-05,"Lamp",6.76666666666667
"431",2012-08-06,"Lamp",6.87666666666667
"432",2012-08-07,"Lamp",6.79166666666667
"433",2012-08-08,"Lamp",6.85722222222222
"434",2012-08-09,"Lamp",6.90388888888889
"435",2012-08-10,"Lamp",7.00111111111111
"436",2012-08-11,"Lamp",6.84861111111111
"437",2012-08-12,"Lamp",6.91388888888889
"438",2012-08-13,"Lamp",6.93861111111111
"439",2012-08-14,"Lamp",6.57888888888889
"440",2012-08-15,"Lamp",6.95888888888889
"441",2012-08-16,"Lamp",6.84444444444444
"442",2012-08-17,"Lamp",7.57527777777778
"443",2012-08-18,"Lamp",7.05888888888889
"444",2012-08-19,"Lamp",7.41472222222222
"445",2012-08-20,"Lamp",6.89388888888889
"446",2012-08-21,"Lamp",6.65944444444444
"447",2012-08-22,"Lamp",6.94333333333333
"448",2012-08-23,"Lamp",6.81138888888889
"449",2012-08-24,"Lamp",6.88805555555556
"450",2012-08-25,"Lamp",6.90444444444444
"451",2012-08-26,"Lamp",6.93027777777778
"452",2012-08-27,"Lamp",6.89194444444444
"453",2012-08-28,"Lamp",7.04555555555556
"454",2012-08-29,"Lamp",6.75194444444444
"455",2012-08-30,"Lamp",6.85888888888889
"456",2012-08-31,"Lamp",7.68277777777778
"457",2012-09-01,"Lamp",6.63972222222222
"458",2012-09-02,"Lamp",7.19388888888889
"459",2012-09-03,"Lamp",6.56527777777778
"460",2012-09-04,"Lamp",6.86694444444444
"461",2012-09-05,"Lamp",18.5097222222222
"462",2012-09-06,"Lamp",15.0072222222222
"463",2012-09-07,"Lamp",7.02055555555556
"464",2012-09-08,"Lamp",6.99777777777778
"465",2012-09-09,"Lamp",17.1363888888889
"466",2012-09-10,"Lamp",19.5266666666667
"467",2012-09-11,"Lamp",6.88111111111111
"468",2012-09-12,"Lamp",6.60444444444444
"469",2012-09-13,"Lamp",6.94805555555556
"470",2012-09-14,"Lamp",6.66055555555556
"471",2012-09-15,"Lamp",6.86
"472",2012-09-16,"Lamp",6.82944444444444
"473",2012-09-17,"Lamp",7.09583333333333
"474",2012-09-18,"Lamp",6.78611111111111
"475",2012-09-19,"Lamp",7.03166666666667
"476",2012-09-20,"Lamp",7.01777777777778
"477",2012-09-21,"Lamp",7.48333333333333
"478",2012-09-22,"Lamp",7.15305555555556
"479",2012-09-23,"Lamp",6.98222222222222
"480",2012-09-24,"Lamp",6.92222222222222
"481",2012-09-25,"Lamp",7.20805555555556
"482",2012-09-26,"Lamp",6.93
"483",2012-09-27,"Lamp",6.36416666666667
"484",2012-09-28,"Lamp",6.38888888888889
"485",2012-09-29,"Lamp",7.14277777777778
"486",2012-09-30,"Lamp",7.10166666666667
"487",2012-10-01,"Lamp",7.04777777777778
"488",2012-10-02,"Lamp",6.88861111111111
"489",2012-10-03,"Lamp",7.70388888888889
"490",2012-10-04,"Lamp",7.43388888888889
"491",2012-10-05,"Lamp",7.30472222222222
"492",2012-10-06,"Lamp",7.19555555555556
"493",2012-10-07,"Lamp",7.56055555555556
"494",2012-10-08,"Lamp",6.9925
"495",2012-10-09,"Lamp",7.24555555555556
"496",2012-10-10,"Lamp",7.49
"497",2012-10-11,"Lamp",7.81666666666667
"498",2012-10-12,"Lamp",7.1025
"499",2012-10-13,"Lamp",7.12527777777778
"500",2012-10-14,"Lamp",6.95027777777778
"501",2012-10-15,"Lamp",7.21027777777778
"502",2012-10-16,"Lamp",6.84416666666667
"503",2012-10-17,"Lamp",6.71194444444444
"504",2012-10-18,"Lamp",6.60194444444444
"505",2012-10-19,"Lamp",6.85111111111111
"506",2012-10-20,"Lamp",18.6208333333333
"507",2012-10-21,"Lamp",19.72
"508",2012-10-22,"Lamp",6.60861111111111
"509",2012-10-23,"Lamp",6.72
"510",2012-10-24,"Lamp",6.50583333333333
"511",2012-10-25,"Lamp",6.60277777777778
"512",2012-10-26,"Lamp",6.53833333333333
"513",2012-10-27,"Lamp",6.28861111111111
"514",2012-10-28,"Lamp",6.53527777777778
"515",2012-10-29,"Lamp",6.64694444444444
"516",2012-10-30,"Lamp",12.7655555555556
"517",2012-10-31,"Lamp",20.7941666666667
"518",2012-11-01,"Lamp",15.36
"519",2012-11-02,"Lamp",14.855
"520",2012-11-03,"Lamp",15.2291666666667
"521",2012-11-04,"Lamp",15.1544444444444
"522",2012-11-05,"Lamp",15.1447222222222
"523",2012-11-06,"Lamp",15.4419444444444
"524",2012-11-07,"Lamp",15.8072222222222
"525",2012-11-08,"Lamp",15.7697222222222
"526",2012-11-09,"Lamp",15.3336111111111
"527",2012-11-10,"Lamp",14.9722222222222
"528",2012-11-11,"Lamp",15.1911111111111
"529",2012-11-12,"Lamp",16.6577777777778
"530",2012-11-13,"Lamp",14.8116666666667
"531",2012-11-14,"Lamp",15.2547222222222
"532",2012-11-15,"Lamp",17.175
"533",2012-11-16,"Lamp",17.4686111111111
"534",2012-11-17,"Lamp",15.8369444444444
"535",2012-11-18,"Lamp",15.545
"536",2012-11-19,"Lamp",19.8138888888889
"537",2012-11-20,"Lamp",16.4533333333333
"538",2012-11-21,"Lamp",14.4986111111111
"539",2012-11-22,"Lamp",20.2063888888889
"540",2012-11-23,"Lamp",20.7622222222222
"541",2012-11-24,"Lamp",12.7472222222222
"542",2012-11-25,"Lamp",14.32
"543",2012-11-26,"Lamp",14.705
"544",2012-11-27,"Lamp",13.5411111111111
"545",2012-11-28,"Lamp",13.5783333333333
"546",2012-11-29,"Lamp",12.1944444444444
"547",2012-11-30,"Lamp",11.8063888888889
"548",2012-12-01,"Lamp",12.8583333333333
"549",2012-12-02,"Lamp",13.0786111111111
"550",2012-12-03,"Lamp",14.4130555555556
"551",2012-12-04,"Lamp",19.3680555555556
"552",2012-12-05,"Lamp",20.5841666666667
"553",2012-12-06,"Lamp",12.8633333333333
"554",2012-12-07,"Lamp",12.9133333333333
"555",2012-12-08,"Lamp",11.5230555555556
"556",2012-12-09,"Lamp",11.7152777777778
"557",2012-12-10,"Lamp",13.1711111111111
"558",2012-12-11,"Lamp",12.2986111111111
"559",2012-12-12,"Lamp",15.45
"560",2012-12-13,"Lamp",20.8683333333333
"561",2012-12-14,"Lamp",0
"562",2012-12-15,"Lamp",0
"563",2012-12-16,"Lamp",0
"564",2012-12-17,"Lamp",0
"565",2012-12-18,"Lamp",0
"566",2012-12-19,"Lamp",0
"567",2012-12-20,"Lamp",0
"568",2012-12-21,"Lamp",0
"569",2012-12-22,"Lamp",0
"570",2012-12-23,"Lamp",0
"571",2012-12-24,"Lamp",0
"572",2012-12-25,"Lamp",0
"573",2012-12-26,"Lamp",0
"574",2012-12-27,"Lamp",0
"575",2012-12-28,"Lamp",0
"576",2012-12-29,"Lamp",0
"577",2012-12-30,"Lamp",0
"578",2012-12-31,"Lamp",0
"579",2013-01-01,"Lamp",0
"580",2013-01-02,"Lamp",0
"581",2013-01-03,"Lamp",0
"582",2013-01-04,"Lamp",0
"583",2013-01-05,"Lamp",0
"584",2013-01-06,"Lamp",0
"585",2013-01-07,"Lamp",0
"586",2012-06-27,"Stereo_and_laptop",24
"587",2012-06-28,"Stereo_and_laptop",24
"588",2012-06-29,"Stereo_and_laptop",24
"589",2012-06-30,"Stereo_and_laptop",24
"590",2012-07-01,"Stereo_and_laptop",24
"591",2012-07-02,"Stereo_and_laptop",24
"592",2012-07-03,"Stereo_and_laptop",24
"593",2012-07-04,"Stereo_and_laptop",24
"594",2012-07-05,"Stereo_and_laptop",24
"595",2012-07-06,"Stereo_and_laptop",24
"596",2012-07-07,"Stereo_and_laptop",24
"597",2012-07-08,"Stereo_and_laptop",24
"598",2012-07-09,"Stereo_and_laptop",24
"599",2012-07-10,"Stereo_and_laptop",24
"600",2012-07-11,"Stereo_and_laptop",24
"601",2012-07-12,"Stereo_and_laptop",24
"602",2012-07-13,"Stereo_and_laptop",24
"603",2012-07-14,"Stereo_and_laptop",24
"604",2012-07-15,"Stereo_and_laptop",24
"605",2012-07-16,"Stereo_and_laptop",24
"606",2012-07-17,"Stereo_and_laptop",24
"607",2012-07-18,"Stereo_and_laptop",24
"608",2012-07-19,"Stereo_and_laptop",24
"609",2012-07-20,"Stereo_and_laptop",24
"610",2012-07-21,"Stereo_and_laptop",24
"611",2012-07-22,"Stereo_and_laptop",24
"612",2012-07-23,"Stereo_and_laptop",24
"613",2012-07-24,"Stereo_and_laptop",24
"614",2012-07-25,"Stereo_and_laptop",24
"615",2012-07-26,"Stereo_and_laptop",24
"616",2012-07-27,"Stereo_and_laptop",24
"617",2012-07-28,"Stereo_and_laptop",24
"618",2012-07-29,"Stereo_and_laptop",24
"619",2012-07-30,"Stereo_and_laptop",24
"620",2012-07-31,"Stereo_and_laptop",24
"621",2012-08-01,"Stereo_and_laptop",24
"622",2012-08-02,"Stereo_and_laptop",24
"623",2012-08-03,"Stereo_and_laptop",24
"624",2012-08-04,"Stereo_and_laptop",24
"625",2012-08-05,"Stereo_and_laptop",24
"626",2012-08-06,"Stereo_and_laptop",24
"627",2012-08-07,"Stereo_and_laptop",24
"628",2012-08-08,"Stereo_and_laptop",24
"629",2012-08-09,"Stereo_and_laptop",24
"630",2012-08-10,"Stereo_and_laptop",24
"631",2012-08-11,"Stereo_and_laptop",24
"632",2012-08-12,"Stereo_and_laptop",24
"633",2012-08-13,"Stereo_and_laptop",24
"634",2012-08-14,"Stereo_and_laptop",24
"635",2012-08-15,"Stereo_and_laptop",24
"636",2012-08-16,"Stereo_and_laptop",24
"637",2012-08-17,"Stereo_and_laptop",24
"638",2012-08-18,"Stereo_and_laptop",24
"639",2012-08-19,"Stereo_and_laptop",24
"640",2012-08-20,"Stereo_and_laptop",24
"641",2012-08-21,"Stereo_and_laptop",24
"642",2012-08-22,"Stereo_and_laptop",24
"643",2012-08-23,"Stereo_and_laptop",24
"644",2012-08-24,"Stereo_and_laptop",24
"645",2012-08-25,"Stereo_and_laptop",24
"646",2012-08-26,"Stereo_and_laptop",24
"647",2012-08-27,"Stereo_and_laptop",24
"648",2012-08-28,"Stereo_and_laptop",24
"649",2012-08-29,"Stereo_and_laptop",24
"650",2012-08-30,"Stereo_and_laptop",24
"651",2012-08-31,"Stereo_and_laptop",24
"652",2012-09-01,"Stereo_and_laptop",24
"653",2012-09-02,"Stereo_and_laptop",24
"654",2012-09-03,"Stereo_and_laptop",24
"655",2012-09-04,"Stereo_and_laptop",24
"656",2012-09-05,"Stereo_and_laptop",24
"657",2012-09-06,"Stereo_and_laptop",24
"658",2012-09-07,"Stereo_and_laptop",24
"659",2012-09-08,"Stereo_and_laptop",24
"660",2012-09-09,"Stereo_and_laptop",24
"661",2012-09-10,"Stereo_and_laptop",24
"662",2012-09-11,"Stereo_and_laptop",24
"663",2012-09-12,"Stereo_and_laptop",24
"664",2012-09-13,"Stereo_and_laptop",24
"665",2012-09-14,"Stereo_and_laptop",24
"666",2012-09-15,"Stereo_and_laptop",24
"667",2012-09-16,"Stereo_and_laptop",24
"668",2012-09-17,"Stereo_and_laptop",24
"669",2012-09-18,"Stereo_and_laptop",24
"670",2012-09-19,"Stereo_and_laptop",24
"671",2012-09-20,"Stereo_and_laptop",24
"672",2012-09-21,"Stereo_and_laptop",24
"673",2012-09-22,"Stereo_and_laptop",24
"674",2012-09-23,"Stereo_and_laptop",24
"675",2012-09-24,"Stereo_and_laptop",24
"676",2012-09-25,"Stereo_and_laptop",24
"677",2012-09-26,"Stereo_and_laptop",24
"678",2012-09-27,"Stereo_and_laptop",24
"679",2012-09-28,"Stereo_and_laptop",24
"680",2012-09-29,"Stereo_and_laptop",24
"681",2012-09-30,"Stereo_and_laptop",24
"682",2012-10-01,"Stereo_and_laptop",24
"683",2012-10-02,"Stereo_and_laptop",24
"684",2012-10-03,"Stereo_and_laptop",24
"685",2012-10-04,"Stereo_and_laptop",24
"686",2012-10-05,"Stereo_and_laptop",24
"687",2012-10-06,"Stereo_and_laptop",14.0219444444444
"688",2012-10-07,"Stereo_and_laptop",3.81388888888889
"689",2012-10-08,"Stereo_and_laptop",3.66805555555556
"690",2012-10-09,"Stereo_and_laptop",3.96722222222222
"691",2012-10-10,"Stereo_and_laptop",3.70277777777778
"692",2012-10-11,"Stereo_and_laptop",4.30138888888889
"693",2012-10-12,"Stereo_and_laptop",3.96166666666667
"694",2012-10-13,"Stereo_and_laptop",4.35111111111111
"695",2012-10-14,"Stereo_and_laptop",4.35527777777778
"696",2012-10-15,"Stereo_and_laptop",15.7775
"697",2012-10-16,"Stereo_and_laptop",21.1505555555556
"698",2012-10-17,"Stereo_and_laptop",3.73972222222222
"699",2012-10-18,"Stereo_and_laptop",3.58805555555556
"700",2012-10-19,"Stereo_and_laptop",3.05277777777778
"701",2012-10-20,"Stereo_and_laptop",3.24305555555556
"702",2012-10-21,"Stereo_and_laptop",3.61
"703",2012-10-22,"Stereo_and_laptop",3.93388888888889
"704",2012-10-23,"Stereo_and_laptop",8.66166666666667
"705",2012-10-24,"Stereo_and_laptop",5.415
"706",2012-10-25,"Stereo_and_laptop",3.35944444444444
"707",2012-10-26,"Stereo_and_laptop",3.57638888888889
"708",2012-10-27,"Stereo_and_laptop",4.855
"709",2012-10-28,"Stereo_and_laptop",3.79222222222222
"710",2012-10-29,"Stereo_and_laptop",3.36472222222222
"711",2012-10-30,"Stereo_and_laptop",9.59416666666667
"712",2012-10-31,"Stereo_and_laptop",15.5472222222222
"713",2012-11-01,"Stereo_and_laptop",0.000555555555555556
"714",2012-11-02,"Stereo_and_laptop",0.286666666666667
"715",2012-11-03,"Stereo_and_laptop",1.55666666666667
"716",2012-11-04,"Stereo_and_laptop",3.08305555555556
"717",2012-11-05,"Stereo_and_laptop",0.0536111111111111
"718",2012-11-06,"Stereo_and_laptop",0
"719",2012-11-07,"Stereo_and_laptop",0.320833333333333
"720",2012-11-08,"Stereo_and_laptop",0.105833333333333
"721",2012-11-09,"Stereo_and_laptop",0.0533333333333333
"722",2012-11-10,"Stereo_and_laptop",0
"723",2012-11-11,"Stereo_and_laptop",0.0527777777777778
"724",2012-11-12,"Stereo_and_laptop",5.72666666666667
"725",2012-11-13,"Stereo_and_laptop",0.000277777777777778
"726",2012-11-14,"Stereo_and_laptop",0.407222222222222
"727",2012-11-15,"Stereo_and_laptop",0.000555555555555556
"728",2012-11-16,"Stereo_and_laptop",0.0533333333333333
"729",2012-11-17,"Stereo_and_laptop",1.89833333333333
"730",2012-11-18,"Stereo_and_laptop",0.0530555555555556
"731",2012-11-19,"Stereo_and_laptop",0.286388888888889
"732",2012-11-20,"Stereo_and_laptop",10.3583333333333
"733",2012-11-21,"Stereo_and_laptop",23.9991666666667
"734",2012-11-22,"Stereo_and_laptop",24
"735",2012-11-23,"Stereo_and_laptop",24
"736",2012-11-24,"Stereo_and_laptop",24
"737",2012-11-25,"Stereo_and_laptop",24
"738",2012-11-26,"Stereo_and_laptop",24
"739",2012-11-27,"Stereo_and_laptop",24
"740",2012-11-28,"Stereo_and_laptop",24
"741",2012-11-29,"Stereo_and_laptop",24
"742",2012-11-30,"Stereo_and_laptop",23.8355555555556
"743",2012-12-01,"Stereo_and_laptop",24
"744",2012-12-02,"Stereo_and_laptop",24
"745",2012-12-03,"Stereo_and_laptop",23.6863888888889
"746",2012-12-04,"Stereo_and_laptop",22.7972222222222
"747",2012-12-05,"Stereo_and_laptop",5.64277777777778
"748",2012-12-06,"Stereo_and_laptop",17.3366666666667
"749",2012-12-07,"Stereo_and_laptop",21.7511111111111
"750",2012-12-08,"Stereo_and_laptop",8.67166666666667
"751",2012-12-09,"Stereo_and_laptop",8.92083333333333
"752",2012-12-10,"Stereo_and_laptop",14.6669444444444
"753",2012-12-11,"Stereo_and_laptop",24
"754",2012-12-12,"Stereo_and_laptop",24
"755",2012-12-13,"Stereo_and_laptop",0
"756",2012-12-14,"Stereo_and_laptop",0
"757",2012-12-15,"Stereo_and_laptop",0
"758",2012-12-16,"Stereo_and_laptop",0
"759",2012-12-17,"Stereo_and_laptop",0
"760",2012-12-18,"Stereo_and_laptop",0
"761",2012-12-19,"Stereo_and_laptop",0
"762",2012-12-20,"Stereo_and_laptop",0
"763",2012-12-21,"Stereo_and_laptop",0
"764",2012-12-22,"Stereo_and_laptop",0
"765",2012-12-23,"Stereo_and_laptop",0
"766",2012-12-24,"Stereo_and_laptop",0
"767",2012-12-25,"Stereo_and_laptop",0
"768",2012-12-26,"Stereo_and_laptop",0
"769",2012-12-27,"Stereo_and_laptop",0
"770",2012-12-28,"Stereo_and_laptop",0
"771",2012-12-29,"Stereo_and_laptop",0
"772",2012-12-30,"Stereo_and_laptop",0
"773",2012-12-31,"Stereo_and_laptop",0
"774",2013-01-01,"Stereo_and_laptop",0
"775",2013-01-02,"Stereo_and_laptop",0
"776",2013-01-03,"Stereo_and_laptop",0
"777",2013-01-04,"Stereo_and_laptop",0
"778",2013-01-05,"Stereo_and_laptop",0
"779",2013-01-06,"Stereo_and_laptop",0
"780",2013-01-07,"Stereo_and_laptop",0
"781",2012-06-27,"Freezer",24
"782",2012-06-28,"Freezer",24
"783",2012-06-29,"Freezer",24
"784",2012-06-30,"Freezer",24
"785",2012-07-01,"Freezer",24
"786",2012-07-02,"Freezer",24
"787",2012-07-03,"Freezer",24
"788",2012-07-04,"Freezer",24
"789",2012-07-05,"Freezer",24
"790",2012-07-06,"Freezer",24
"791",2012-07-07,"Freezer",24
"792",2012-07-08,"Freezer",24
"793",2012-07-09,"Freezer",24
"794",2012-07-10,"Freezer",24
"795",2012-07-11,"Freezer",24
"796",2012-07-12,"Freezer",24
"797",2012-07-13,"Freezer",24
"798",2012-07-14,"Freezer",24
"799",2012-07-15,"Freezer",24
"800",2012-07-16,"Freezer",24
"801",2012-07-17,"Freezer",24
"802",2012-07-18,"Freezer",24
"803",2012-07-19,"Freezer",24
"804",2012-07-20,"Freezer",24
"805",2012-07-21,"Freezer",24
"806",2012-07-22,"Freezer",24
"807",2012-07-23,"Freezer",24
"808",2012-07-24,"Freezer",24
"809",2012-07-25,"Freezer",24
"810",2012-07-26,"Freezer",24
"811",2012-07-27,"Freezer",24
"812",2012-07-28,"Freezer",24
"813",2012-07-29,"Freezer",24
"814",2012-07-30,"Freezer",24
"815",2012-07-31,"Freezer",24
"816",2012-08-01,"Freezer",24
"817",2012-08-02,"Freezer",24
"818",2012-08-03,"Freezer",24
"819",2012-08-04,"Freezer",24
"820",2012-08-05,"Freezer",24
"821",2012-08-06,"Freezer",24
"822",2012-08-07,"Freezer",24
"823",2012-08-08,"Freezer",24
"824",2012-08-09,"Freezer",24
"825",2012-08-10,"Freezer",24
"826",2012-08-11,"Freezer",24
"827",2012-08-12,"Freezer",24
"828",2012-08-13,"Freezer",24
"829",2012-08-14,"Freezer",24
"830",2012-08-15,"Freezer",24
"831",2012-08-16,"Freezer",24
"832",2012-08-17,"Freezer",24
"833",2012-08-18,"Freezer",24
"834",2012-08-19,"Freezer",24
"835",2012-08-20,"Freezer",24
"836",2012-08-21,"Freezer",24
"837",2012-08-22,"Freezer",24
"838",2012-08-23,"Freezer",24
"839",2012-08-24,"Freezer",24
"840",2012-08-25,"Freezer",24
"841",2012-08-26,"Freezer",24
"842",2012-08-27,"Freezer",24
"843",2012-08-28,"Freezer",24
"844",2012-08-29,"Freezer",24
"845",2012-08-30,"Freezer",24
"846",2012-08-31,"Freezer",24
"847",2012-09-01,"Freezer",24
"848",2012-09-02,"Freezer",24
"849",2012-09-03,"Freezer",24
"850",2012-09-04,"Freezer",24
"851",2012-09-05,"Freezer",24
"852",2012-09-06,"Freezer",24
"853",2012-09-07,"Freezer",24
"854",2012-09-08,"Freezer",24
"855",2012-09-09,"Freezer",24
"856",2012-09-10,"Freezer",24
"857",2012-09-11,"Freezer",24
"858",2012-09-12,"Freezer",24
"859",2012-09-13,"Freezer",24
"860",2012-09-14,"Freezer",24
"861",2012-09-15,"Freezer",24
"862",2012-09-16,"Freezer",24
"863",2012-09-17,"Freezer",24
"864",2012-09-18,"Freezer",24
"865",2012-09-19,"Freezer",24
"866",2012-09-20,"Freezer",24
"867",2012-09-21,"Freezer",24
"868",2012-09-22,"Freezer",24
"869",2012-09-23,"Freezer",24
"870",2012-09-24,"Freezer",24
"871",2012-09-25,"Freezer",24
"872",2012-09-26,"Freezer",24
"873",2012-09-27,"Freezer",24
"874",2012-09-28,"Freezer",24
"875",2012-09-29,"Freezer",24
"876",2012-09-30,"Freezer",24
"877",2012-10-01,"Freezer",24
"878",2012-10-02,"Freezer",24
"879",2012-10-03,"Freezer",24
"880",2012-10-04,"Freezer",24
"881",2012-10-05,"Freezer",24
"882",2012-10-06,"Freezer",24
"883",2012-10-07,"Freezer",24
"884",2012-10-08,"Freezer",24
"885",2012-10-09,"Freezer",24
"886",2012-10-10,"Freezer",24
"887",2012-10-11,"Freezer",24
"888",2012-10-12,"Freezer",24
"889",2012-10-13,"Freezer",24
"890",2012-10-14,"Freezer",24
"891",2012-10-15,"Freezer",24
"892",2012-10-16,"Freezer",24
"893",2012-10-17,"Freezer",24
"894",2012-10-18,"Freezer",24
"895",2012-10-19,"Freezer",24
"896",2012-10-20,"Freezer",24
"897",2012-10-21,"Freezer",24
"898",2012-10-22,"Freezer",24
"899",2012-10-23,"Freezer",24
"900",2012-10-24,"Freezer",24
"901",2012-10-25,"Freezer",24
"902",2012-10-26,"Freezer",24
"903",2012-10-27,"Freezer",24
"904",2012-10-28,"Freezer",24
"905",2012-10-29,"Freezer",24
"906",2012-10-30,"Freezer",23.9972222222222
"907",2012-10-31,"Freezer",24
"908",2012-11-01,"Freezer",24
"909",2012-11-02,"Freezer",24
"910",2012-11-03,"Freezer",24
"911",2012-11-04,"Freezer",24
"912",2012-11-05,"Freezer",24
"913",2012-11-06,"Freezer",24
"914",2012-11-07,"Freezer",24
"915",2012-11-08,"Freezer",24
"916",2012-11-09,"Freezer",24
"917",2012-11-10,"Freezer",24
"918",2012-11-11,"Freezer",24
"919",2012-11-12,"Freezer",24
"920",2012-11-13,"Freezer",24
"921",2012-11-14,"Freezer",24
"922",2012-11-15,"Freezer",24
"923",2012-11-16,"Freezer",24
"924",2012-11-17,"Freezer",24
"925",2012-11-18,"Freezer",24
"926",2012-11-19,"Freezer",24
"927",2012-11-20,"Freezer",24
"928",2012-11-21,"Freezer",24
"929",2012-11-22,"Freezer",24
"930",2012-11-23,"Freezer",24
"931",2012-11-24,"Freezer",24
"932",2012-11-25,"Freezer",24
"933",2012-11-26,"Freezer",24
"934",2012-11-27,"Freezer",24
"935",2012-11-28,"Freezer",24
"936",2012-11-29,"Freezer",24
"937",2012-11-30,"Freezer",24
"938",2012-12-01,"Freezer",24
"939",2012-12-02,"Freezer",24
"940",2012-12-03,"Freezer",22.8975
"941",2012-12-04,"Freezer",13.3666666666667
"942",2012-12-05,"Freezer",10.4919444444444
"943",2012-12-06,"Freezer",17.8505555555556
"944",2012-12-07,"Freezer",19.4986111111111
"945",2012-12-08,"Freezer",9.65527777777778
"946",2012-12-09,"Freezer",10.3638888888889
"947",2012-12-10,"Freezer",8.64277777777778
"948",2012-12-11,"Freezer",8.65777777777778
"949",2012-12-12,"Freezer",10.0313888888889
"950",2012-12-13,"Freezer",14.7386111111111
"951",2012-12-14,"Freezer",8.64888888888889
"952",2012-12-15,"Freezer",9.45
"953",2012-12-16,"Freezer",8.81916666666667
"954",2012-12-17,"Freezer",11.0683333333333
"955",2012-12-18,"Freezer",15.5569444444444
"956",2012-12-19,"Freezer",19.0308333333333
"957",2012-12-20,"Freezer",8.70972222222222
"958",2012-12-21,"Freezer",8.53611111111111
"959",2012-12-22,"Freezer",8.44305555555556
"960",2012-12-23,"Freezer",8.61944444444444
"961",2012-12-24,"Freezer",8.88472222222222
"962",2012-12-25,"Freezer",9.1225
"963",2012-12-26,"Freezer",12.8702777777778
"964",2012-12-27,"Freezer",18.8925
"965",2012-12-28,"Freezer",24
"966",2012-12-29,"Freezer",24
"967",2012-12-30,"Freezer",24
"968",2012-12-31,"Freezer",24
"969",2013-01-01,"Freezer",24
"970",2013-01-02,"Freezer",24
"971",2013-01-03,"Freezer",23.3922222222222
"972",2013-01-04,"Freezer",23.4141666666667
"973",2013-01-05,"Freezer",0
"974",2013-01-06,"Freezer",0
"975",2013-01-07,"Freezer",0
"976",2012-06-27,"Tablet",11.46
"977",2012-06-28,"Tablet",13.6458333333333
"978",2012-06-29,"Tablet",13.5205555555556
"979",2012-06-30,"Tablet",11.3497222222222
"980",2012-07-01,"Tablet",11.6436111111111
"981",2012-07-02,"Tablet",11.1811111111111
"982",2012-07-03,"Tablet",11.3413888888889
"983",2012-07-04,"Tablet",12.3944444444444
"984",2012-07-05,"Tablet",11.1619444444444
"985",2012-07-06,"Tablet",10.8744444444444
"986",2012-07-07,"Tablet",11.2136111111111
"987",2012-07-08,"Tablet",11.0808333333333
"988",2012-07-09,"Tablet",11.0380555555556
"989",2012-07-10,"Tablet",11.4733333333333
"990",2012-07-11,"Tablet",11.4375
"991",2012-07-12,"Tablet",11.3183333333333
"992",2012-07-13,"Tablet",11.1555555555556
"993",2012-07-14,"Tablet",11.0247222222222
"994",2012-07-15,"Tablet",11.7036111111111
"995",2012-07-16,"Tablet",10.9275
"996",2012-07-17,"Tablet",10.9458333333333
"997",2012-07-18,"Tablet",10.7047222222222
"998",2012-07-19,"Tablet",11.0194444444444
"999",2012-07-20,"Tablet",11.4288888888889
"1000",2012-07-21,"Tablet",11.2247222222222
"1001",2012-07-22,"Tablet",11.3852777777778
"1002",2012-07-23,"Tablet",11.8447222222222
"1003",2012-07-24,"Tablet",11.6466666666667
"1004",2012-07-25,"Tablet",11.6147222222222
"1005",2012-07-26,"Tablet",11.8966666666667
"1006",2012-07-27,"Tablet",11.0975
"1007",2012-07-28,"Tablet",11.6391666666667
"1008",2012-07-29,"Tablet",11.8877777777778
"1009",2012-07-30,"Tablet",11.8691666666667
"1010",2012-07-31,"Tablet",12.3038888888889
"1011",2012-08-01,"Tablet",12.3411111111111
"1012",2012-08-02,"Tablet",12.5083333333333
"1013",2012-08-03,"Tablet",12.2747222222222
"1014",2012-08-04,"Tablet",11.5308333333333
"1015",2012-08-05,"Tablet",12.2486111111111
"1016",2012-08-06,"Tablet",12.215
"1017",2012-08-07,"Tablet",12.1544444444444
"1018",2012-08-08,"Tablet",10.8244444444444
"1019",2012-08-09,"Tablet",8.98472222222222
"1020",2012-08-10,"Tablet",11.5477777777778
"1021",2012-08-11,"Tablet",11.3883333333333
"1022",2012-08-12,"Tablet",11.1711111111111
"1023",2012-08-13,"Tablet",10.1572222222222
"1024",2012-08-14,"Tablet",10.7513888888889
"1025",2012-08-15,"Tablet",10.4258333333333
"1026",2012-08-16,"Tablet",9.29777777777778
"1027",2012-08-17,"Tablet",8.90944444444444
"1028",2012-08-18,"Tablet",11.4108333333333
"1029",2012-08-19,"Tablet",11.3080555555556
"1030",2012-08-20,"Tablet",11.1947222222222
"1031",2012-08-21,"Tablet",11.3752777777778
"1032",2012-08-22,"Tablet",11.4097222222222
"1033",2012-08-23,"Tablet",11.17
"1034",2012-08-24,"Tablet",11.6419444444444
"1035",2012-08-25,"Tablet",11.4544444444444
"1036",2012-08-26,"Tablet",10.8116666666667
"1037",2012-08-27,"Tablet",11.5933333333333
"1038",2012-08-28,"Tablet",11.655
"1039",2012-08-29,"Tablet",11.5511111111111
"1040",2012-08-30,"Tablet",11.9302777777778
"1041",2012-08-31,"Tablet",11.8936111111111
"1042",2012-09-01,"Tablet",11.5438888888889
"1043",2012-09-02,"Tablet",11.3211111111111
"1044",2012-09-03,"Tablet",13.3083333333333
"1045",2012-09-04,"Tablet",10.29
"1046",2012-09-05,"Tablet",20.0869444444444
"1047",2012-09-06,"Tablet",18.5236111111111
"1048",2012-09-07,"Tablet",13.83
"1049",2012-09-08,"Tablet",13.6966666666667
"1050",2012-09-09,"Tablet",19.8444444444444
"1051",2012-09-10,"Tablet",20.6530555555556
"1052",2012-09-11,"Tablet",11.3647222222222
"1053",2012-09-12,"Tablet",11.6261111111111
"1054",2012-09-13,"Tablet",11.965
"1055",2012-09-14,"Tablet",11.5072222222222
"1056",2012-09-15,"Tablet",11.3594444444444
"1057",2012-09-16,"Tablet",11.7333333333333
"1058",2012-09-17,"Tablet",12.0772222222222
"1059",2012-09-18,"Tablet",11.9247222222222
"1060",2012-09-19,"Tablet",11.7463888888889
"1061",2012-09-20,"Tablet",11.7313888888889
"1062",2012-09-21,"Tablet",11.0897222222222
"1063",2012-09-22,"Tablet",11.89
"1064",2012-09-23,"Tablet",12.5488888888889
"1065",2012-09-24,"Tablet",13.9297222222222
"1066",2012-09-25,"Tablet",13.9422222222222
"1067",2012-09-26,"Tablet",15.0583333333333
"1068",2012-09-27,"Tablet",14.3758333333333
"1069",2012-09-28,"Tablet",13.9352777777778
"1070",2012-09-29,"Tablet",13.2038888888889
"1071",2012-09-30,"Tablet",11.8375
"1072",2012-10-01,"Tablet",11.5222222222222
"1073",2012-10-02,"Tablet",11.6863888888889
"1074",2012-10-03,"Tablet",11.8877777777778
"1075",2012-10-04,"Tablet",12.1125
"1076",2012-10-05,"Tablet",12.7252777777778
"1077",2012-10-06,"Tablet",11.8838888888889
"1078",2012-10-07,"Tablet",15.6369444444444
"1079",2012-10-08,"Tablet",15.6202777777778
"1080",2012-10-09,"Tablet",12.1208333333333
"1081",2012-10-10,"Tablet",11.5777777777778
"1082",2012-10-11,"Tablet",12.5563888888889
"1083",2012-10-12,"Tablet",10.3830555555556
"1084",2012-10-13,"Tablet",11.31
"1085",2012-10-14,"Tablet",11.7461111111111
"1086",2012-10-15,"Tablet",12.0733333333333
"1087",2012-10-16,"Tablet",12.3108333333333
"1088",2012-10-17,"Tablet",11.9644444444444
"1089",2012-10-18,"Tablet",11.9219444444444
"1090",2012-10-19,"Tablet",12.4252777777778
"1091",2012-10-20,"Tablet",20.4275
"1092",2012-10-21,"Tablet",16.1994444444444
"1093",2012-10-22,"Tablet",13.435
"1094",2012-10-23,"Tablet",12.9252777777778
"1095",2012-10-24,"Tablet",4.65055555555556
"1096",2012-10-25,"Tablet",14.7186111111111
"1097",2012-10-26,"Tablet",21.8161111111111
"1098",2012-10-27,"Tablet",0.540555555555556
"1099",2012-10-28,"Tablet",6.15
"1100",2012-10-29,"Tablet",2.39416666666667
"1101",2012-10-30,"Tablet",19.5991666666667
"1102",2012-10-31,"Tablet",17.4286111111111
"1103",2012-11-01,"Tablet",17.8552777777778
"1104",2012-11-02,"Tablet",12.1513888888889
"1105",2012-11-03,"Tablet",12.9505555555556
"1106",2012-11-04,"Tablet",13.0619444444444
"1107",2012-11-05,"Tablet",13.1066666666667
"1108",2012-11-06,"Tablet",16.3430555555556
"1109",2012-11-07,"Tablet",11.6972222222222
"1110",2012-11-08,"Tablet",11.2338888888889
"1111",2012-11-09,"Tablet",6.15055555555556
"1112",2012-11-10,"Tablet",17.4697222222222
"1113",2012-11-11,"Tablet",4.43111111111111
"1114",2012-11-12,"Tablet",12.6125
"1115",2012-11-13,"Tablet",12.2708333333333
"1116",2012-11-14,"Tablet",12.2077777777778
"1117",2012-11-15,"Tablet",11.6738888888889
"1118",2012-11-16,"Tablet",12.12
"1119",2012-11-17,"Tablet",6.60888888888889
"1120",2012-11-18,"Tablet",13.6011111111111
"1121",2012-11-19,"Tablet",12.0563888888889
"1122",2012-11-20,"Tablet",13.6886111111111
"1123",2012-11-21,"Tablet",11.0280555555556
"1124",2012-11-22,"Tablet",10.4727777777778
"1125",2012-11-23,"Tablet",18.7552777777778
"1126",2012-11-24,"Tablet",24
"1127",2012-11-25,"Tablet",21.8797222222222
"1128",2012-11-26,"Tablet",15.0325
"1129",2012-11-27,"Tablet",16.2577777777778
"1130",2012-11-28,"Tablet",11.1252777777778
"1131",2012-11-29,"Tablet",17.1055555555556
"1132",2012-11-30,"Tablet",17.1416666666667
"1133",2012-12-01,"Tablet",19.9744444444444
"1134",2012-12-02,"Tablet",12.325
"1135",2012-12-03,"Tablet",11.3597222222222
"1136",2012-12-04,"Tablet",16.8202777777778
"1137",2012-12-05,"Tablet",12.6933333333333
"1138",2012-12-06,"Tablet",16.2091666666667
"1139",2012-12-07,"Tablet",13.8166666666667
"1140",2012-12-08,"Tablet",14.9763888888889
"1141",2012-12-09,"Tablet",16.0763888888889
"1142",2012-12-10,"Tablet",14.9172222222222
"1143",2012-12-11,"Tablet",13.5263888888889
"1144",2012-12-12,"Tablet",10.9247222222222
"1145",2012-12-13,"Tablet",13.7313888888889
"1146",2012-12-14,"Tablet",13.4
"1147",2012-12-15,"Tablet",18.7713888888889
"1148",2012-12-16,"Tablet",12.6611111111111
"1149",2012-12-17,"Tablet",14.4088888888889
"1150",2012-12-18,"Tablet",13.1033333333333
"1151",2012-12-19,"Tablet",11.1261111111111
"1152",2012-12-20,"Tablet",15.8522222222222
"1153",2012-12-21,"Tablet",17.365
"1154",2012-12-22,"Tablet",10.8025
"1155",2012-12-23,"Tablet",11.3380555555556
"1156",2012-12-24,"Tablet",16.6141666666667
"1157",2012-12-25,"Tablet",14.1555555555556
"1158",2012-12-26,"Tablet",9.7675
"1159",2012-12-27,"Tablet",8.17805555555556
"1160",2012-12-28,"Tablet",11.5561111111111
"1161",2012-12-29,"Tablet",13.7613888888889
"1162",2012-12-30,"Tablet",10.0794444444444
"1163",2012-12-31,"Tablet",8.65416666666667
"1164",2013-01-01,"Tablet",16.1075
"1165",2013-01-02,"Tablet",0
"1166",2013-01-03,"Tablet",0
"1167",2013-01-04,"Tablet",0
"1168",2013-01-05,"Tablet",0
"1169",2013-01-06,"Tablet",0
"1170",2013-01-07,"Tablet",0
"1171",2012-06-27,"Entertainment",24
"1172",2012-06-28,"Entertainment",24
"1173",2012-06-29,"Entertainment",24
"1174",2012-06-30,"Entertainment",24
"1175",2012-07-01,"Entertainment",24
"1176",2012-07-02,"Entertainment",24
"1177",2012-07-03,"Entertainment",24
"1178",2012-07-04,"Entertainment",24
"1179",2012-07-05,"Entertainment",24
"1180",2012-07-06,"Entertainment",24
"1181",2012-07-07,"Entertainment",24
"1182",2012-07-08,"Entertainment",24
"1183",2012-07-09,"Entertainment",24
"1184",2012-07-10,"Entertainment",24
"1185",2012-07-11,"Entertainment",24
"1186",2012-07-12,"Entertainment",24
"1187",2012-07-13,"Entertainment",24
"1188",2012-07-14,"Entertainment",24
"1189",2012-07-15,"Entertainment",24
"1190",2012-07-16,"Entertainment",24
"1191",2012-07-17,"Entertainment",24
"1192",2012-07-18,"Entertainment",24
"1193",2012-07-19,"Entertainment",24
"1194",2012-07-20,"Entertainment",24
"1195",2012-07-21,"Entertainment",24
"1196",2012-07-22,"Entertainment",24
"1197",2012-07-23,"Entertainment",24
"1198",2012-07-24,"Entertainment",24
"1199",2012-07-25,"Entertainment",24
"1200",2012-07-26,"Entertainment",24
"1201",2012-07-27,"Entertainment",24
"1202",2012-07-28,"Entertainment",24
"1203",2012-07-29,"Entertainment",24
"1204",2012-07-30,"Entertainment",24
"1205",2012-07-31,"Entertainment",24
"1206",2012-08-01,"Entertainment",24
"1207",2012-08-02,"Entertainment",24
"1208",2012-08-03,"Entertainment",24
"1209",2012-08-04,"Entertainment",24
"1210",2012-08-05,"Entertainment",24
"1211",2012-08-06,"Entertainment",24
"1212",2012-08-07,"Entertainment",24
"1213",2012-08-08,"Entertainment",24
"1214",2012-08-09,"Entertainment",24
"1215",2012-08-10,"Entertainment",24
"1216",2012-08-11,"Entertainment",24
"1217",2012-08-12,"Entertainment",24
"1218",2012-08-13,"Entertainment",24
"1219",2012-08-14,"Entertainment",24
"1220",2012-08-15,"Entertainment",24
"1221",2012-08-16,"Entertainment",24
"1222",2012-08-17,"Entertainment",24
"1223",2012-08-18,"Entertainment",24
"1224",2012-08-19,"Entertainment",24
"1225",2012-08-20,"Entertainment",24
"1226",2012-08-21,"Entertainment",24
"1227",2012-08-22,"Entertainment",24
"1228",2012-08-23,"Entertainment",24
"1229",2012-08-24,"Entertainment",24
"1230",2012-08-25,"Entertainment",24
"1231",2012-08-26,"Entertainment",24
"1232",2012-08-27,"Entertainment",24
"1233",2012-08-28,"Entertainment",24
"1234",2012-08-29,"Entertainment",24
"1235",2012-08-30,"Entertainment",24
"1236",2012-08-31,"Entertainment",24
"1237",2012-09-01,"Entertainment",24
"1238",2012-09-02,"Entertainment",24
"1239",2012-09-03,"Entertainment",24
"1240",2012-09-04,"Entertainment",24
"1241",2012-09-05,"Entertainment",24
"1242",2012-09-06,"Entertainment",24
"1243",2012-09-07,"Entertainment",24
"1244",2012-09-08,"Entertainment",24
"1245",2012-09-09,"Entertainment",24
"1246",2012-09-10,"Entertainment",24
"1247",2012-09-11,"Entertainment",24
"1248",2012-09-12,"Entertainment",24
"1249",2012-09-13,"Entertainment",24
"1250",2012-09-14,"Entertainment",24
"1251",2012-09-15,"Entertainment",24
"1252",2012-09-16,"Entertainment",24
"1253",2012-09-17,"Entertainment",24
"1254",2012-09-18,"Entertainment",24
"1255",2012-09-19,"Entertainment",24
"1256",2012-09-20,"Entertainment",24
"1257",2012-09-21,"Entertainment",24
"1258",2012-09-22,"Entertainment",24
"1259",2012-09-23,"Entertainment",24
"1260",2012-09-24,"Entertainment",24
"1261",2012-09-25,"Entertainment",24
"1262",2012-09-26,"Entertainment",24
"1263",2012-09-27,"Entertainment",24
"1264",2012-09-28,"Entertainment",24
"1265",2012-09-29,"Entertainment",24
"1266",2012-09-30,"Entertainment",24
"1267",2012-10-01,"Entertainment",24
"1268",2012-10-02,"Entertainment",24
"1269",2012-10-03,"Entertainment",24
"1270",2012-10-04,"Entertainment",24
"1271",2012-10-05,"Entertainment",24
"1272",2012-10-06,"Entertainment",24
"1273",2012-10-07,"Entertainment",24
"1274",2012-10-08,"Entertainment",24
"1275",2012-10-09,"Entertainment",24
"1276",2012-10-10,"Entertainment",24
"1277",2012-10-11,"Entertainment",24
"1278",2012-10-12,"Entertainment",24
"1279",2012-10-13,"Entertainment",24
"1280",2012-10-14,"Entertainment",24
"1281",2012-10-15,"Entertainment",24
"1282",2012-10-16,"Entertainment",24
"1283",2012-10-17,"Entertainment",24
"1284",2012-10-18,"Entertainment",24
"1285",2012-10-19,"Entertainment",24
"1286",2012-10-20,"Entertainment",24
"1287",2012-10-21,"Entertainment",24
"1288",2012-10-22,"Entertainment",24
"1289",2012-10-23,"Entertainment",24
"1290",2012-10-24,"Entertainment",24
"1291",2012-10-25,"Entertainment",24
"1292",2012-10-26,"Entertainment",24
"1293",2012-10-27,"Entertainment",24
"1294",2012-10-28,"Entertainment",24
"1295",2012-10-29,"Entertainment",24
"1296",2012-10-30,"Entertainment",24
"1297",2012-10-31,"Entertainment",24
"1298",2012-11-01,"Entertainment",24
"1299",2012-11-02,"Entertainment",24
"1300",2012-11-03,"Entertainment",24
"1301",2012-11-04,"Entertainment",24
"1302",2012-11-05,"Entertainment",24
"1303",2012-11-06,"Entertainment",24
"1304",2012-11-07,"Entertainment",24
"1305",2012-11-08,"Entertainment",24
"1306",2012-11-09,"Entertainment",24
"1307",2012-11-10,"Entertainment",24
"1308",2012-11-11,"Entertainment",24
"1309",2012-11-12,"Entertainment",24
"1310",2012-11-13,"Entertainment",24
"1311",2012-11-14,"Entertainment",24
"1312",2012-11-15,"Entertainment",24
"1313",2012-11-16,"Entertainment",24
"1314",2012-11-17,"Entertainment",24
"1315",2012-11-18,"Entertainment",24
"1316",2012-11-19,"Entertainment",24
"1317",2012-11-20,"Entertainment",24
"1318",2012-11-21,"Entertainment",24
"1319",2012-11-22,"Entertainment",24
"1320",2012-11-23,"Entertainment",24
"1321",2012-11-24,"Entertainment",24
"1322",2012-11-25,"Entertainment",24
"1323",2012-11-26,"Entertainment",24
"1324",2012-11-27,"Entertainment",23.7025
"1325",2012-11-28,"Entertainment",24
"1326",2012-11-29,"Entertainment",24
"1327",2012-11-30,"Entertainment",24
"1328",2012-12-01,"Entertainment",23.9847222222222
"1329",2012-12-02,"Entertainment",24
"1330",2012-12-03,"Entertainment",21.9597222222222
"1331",2012-12-04,"Entertainment",24
"1332",2012-12-05,"Entertainment",24
"1333",2012-12-06,"Entertainment",24
"1334",2012-12-07,"Entertainment",20.4713888888889
"1335",2012-12-08,"Entertainment",11.4413888888889
"1336",2012-12-09,"Entertainment",6.07555555555556
"1337",2012-12-10,"Entertainment",6.01222222222222
"1338",2012-12-11,"Entertainment",7.20166666666667
"1339",2012-12-12,"Entertainment",6.32333333333333
"1340",2012-12-13,"Entertainment",9.84722222222222
"1341",2012-12-14,"Entertainment",8.89944444444444
"1342",2012-12-15,"Entertainment",24
"1343",2012-12-16,"Entertainment",24
"1344",2012-12-17,"Entertainment",22.8177777777778
"1345",2012-12-18,"Entertainment",9.55444444444444
"1346",2012-12-19,"Entertainment",9.27694444444444
"1347",2012-12-20,"Entertainment",8.92944444444444
"1348",2012-12-21,"Entertainment",5.72722222222222
"1349",2012-12-22,"Entertainment",12.6366666666667
"1350",2012-12-23,"Entertainment",14.1647222222222
"1351",2012-12-24,"Entertainment",10.4155555555556
"1352",2012-12-25,"Entertainment",10.1775
"1353",2012-12-26,"Entertainment",8.05444444444444
"1354",2012-12-27,"Entertainment",12.3175
"1355",2012-12-28,"Entertainment",8.80888888888889
"1356",2012-12-29,"Entertainment",15.7263888888889
"1357",2012-12-30,"Entertainment",0
"1358",2012-12-31,"Entertainment",0
"1359",2013-01-01,"Entertainment",0
"1360",2013-01-02,"Entertainment",0
"1361",2013-01-03,"Entertainment",0
"1362",2013-01-04,"Entertainment",0
"1363",2013-01-05,"Entertainment",0
"1364",2013-01-06,"Entertainment",0
"1365",2013-01-07,"Entertainment",0
"1366",2012-06-27,"Microwave",24
"1367",2012-06-28,"Microwave",24
"1368",2012-06-29,"Microwave",24
"1369",2012-06-30,"Microwave",24
"1370",2012-07-01,"Microwave",24
"1371",2012-07-02,"Microwave",24
"1372",2012-07-03,"Microwave",24
"1373",2012-07-04,"Microwave",24
"1374",2012-07-05,"Microwave",24
"1375",2012-07-06,"Microwave",24
"1376",2012-07-07,"Microwave",24
"1377",2012-07-08,"Microwave",24
"1378",2012-07-09,"Microwave",24
"1379",2012-07-10,"Microwave",24
"1380",2012-07-11,"Microwave",24
"1381",2012-07-12,"Microwave",24
"1382",2012-07-13,"Microwave",24
"1383",2012-07-14,"Microwave",24
"1384",2012-07-15,"Microwave",24
"1385",2012-07-16,"Microwave",24
"1386",2012-07-17,"Microwave",24
"1387",2012-07-18,"Microwave",24
"1388",2012-07-19,"Microwave",24
"1389",2012-07-20,"Microwave",24
"1390",2012-07-21,"Microwave",24
"1391",2012-07-22,"Microwave",24
"1392",2012-07-23,"Microwave",24
"1393",2012-07-24,"Microwave",24
"1394",2012-07-25,"Microwave",24
"1395",2012-07-26,"Microwave",24
"1396",2012-07-27,"Microwave",24
"1397",2012-07-28,"Microwave",24
"1398",2012-07-29,"Microwave",24
"1399",2012-07-30,"Microwave",24
"1400",2012-07-31,"Microwave",24
"1401",2012-08-01,"Microwave",24
"1402",2012-08-02,"Microwave",24
"1403",2012-08-03,"Microwave",24
"1404",2012-08-04,"Microwave",24
"1405",2012-08-05,"Microwave",24
"1406",2012-08-06,"Microwave",24
"1407",2012-08-07,"Microwave",24
"1408",2012-08-08,"Microwave",24
"1409",2012-08-09,"Microwave",24
"1410",2012-08-10,"Microwave",24
"1411",2012-08-11,"Microwave",24
"1412",2012-08-12,"Microwave",24
"1413",2012-08-13,"Microwave",24
"1414",2012-08-14,"Microwave",24
"1415",2012-08-15,"Microwave",24
"1416",2012-08-16,"Microwave",24
"1417",2012-08-17,"Microwave",24
"1418",2012-08-18,"Microwave",24
"1419",2012-08-19,"Microwave",24
"1420",2012-08-20,"Microwave",24
"1421",2012-08-21,"Microwave",24
"1422",2012-08-22,"Microwave",24
"1423",2012-08-23,"Microwave",24
"1424",2012-08-24,"Microwave",24
"1425",2012-08-25,"Microwave",24
"1426",2012-08-26,"Microwave",24
"1427",2012-08-27,"Microwave",24
"1428",2012-08-28,"Microwave",24
"1429",2012-08-29,"Microwave",24
"1430",2012-08-30,"Microwave",24
"1431",2012-08-31,"Microwave",24
"1432",2012-09-01,"Microwave",24
"1433",2012-09-02,"Microwave",24
"1434",2012-09-03,"Microwave",24
"1435",2012-09-04,"Microwave",24
"1436",2012-09-05,"Microwave",24
"1437",2012-09-06,"Microwave",24
"1438",2012-09-07,"Microwave",24
"1439",2012-09-08,"Microwave",24
"1440",2012-09-09,"Microwave",24
"1441",2012-09-10,"Microwave",24
"1442",2012-09-11,"Microwave",24
"1443",2012-09-12,"Microwave",24
"1444",2012-09-13,"Microwave",24
"1445",2012-09-14,"Microwave",24
"1446",2012-09-15,"Microwave",24
"1447",2012-09-16,"Microwave",24
"1448",2012-09-17,"Microwave",24
"1449",2012-09-18,"Microwave",24
"1450",2012-09-19,"Microwave",24
"1451",2012-09-20,"Microwave",24
"1452",2012-09-21,"Microwave",24
"1453",2012-09-22,"Microwave",24
"1454",2012-09-23,"Microwave",24
"1455",2012-09-24,"Microwave",24
"1456",2012-09-25,"Microwave",24
"1457",2012-09-26,"Microwave",24
"1458",2012-09-27,"Microwave",24
"1459",2012-09-28,"Microwave",24
"1460",2012-09-29,"Microwave",24
"1461",2012-09-30,"Microwave",24
"1462",2012-10-01,"Microwave",24
"1463",2012-10-02,"Microwave",24
"1464",2012-10-03,"Microwave",24
"1465",2012-10-04,"Microwave",24
"1466",2012-10-05,"Microwave",24
"1467",2012-10-06,"Microwave",24
"1468",2012-10-07,"Microwave",24
"1469",2012-10-08,"Microwave",24
"1470",2012-10-09,"Microwave",24
"1471",2012-10-10,"Microwave",24
"1472",2012-10-11,"Microwave",24
"1473",2012-10-12,"Microwave",24
"1474",2012-10-13,"Microwave",24
"1475",2012-10-14,"Microwave",24
"1476",2012-10-15,"Microwave",24
"1477",2012-10-16,"Microwave",24
"1478",2012-10-17,"Microwave",24
"1479",2012-10-18,"Microwave",24
"1480",2012-10-19,"Microwave",24
"1481",2012-10-20,"Microwave",24
"1482",2012-10-21,"Microwave",24
"1483",2012-10-22,"Microwave",24
"1484",2012-10-23,"Microwave",24
"1485",2012-10-24,"Microwave",24
"1486",2012-10-25,"Microwave",24
"1487",2012-10-26,"Microwave",24
"1488",2012-10-27,"Microwave",24
"1489",2012-10-28,"Microwave",24
"1490",2012-10-29,"Microwave",24
"1491",2012-10-30,"Microwave",24
"1492",2012-10-31,"Microwave",24
"1493",2012-11-01,"Microwave",24
"1494",2012-11-02,"Microwave",24
"1495",2012-11-03,"Microwave",24
"1496",2012-11-04,"Microwave",24
"1497",2012-11-05,"Microwave",24
"1498",2012-11-06,"Microwave",24
"1499",2012-11-07,"Microwave",24
"1500",2012-11-08,"Microwave",24
"1501",2012-11-09,"Microwave",24
"1502",2012-11-10,"Microwave",24
"1503",2012-11-11,"Microwave",24
"1504",2012-11-12,"Microwave",24
"1505",2012-11-13,"Microwave",24
"1506",2012-11-14,"Microwave",24
"1507",2012-11-15,"Microwave",24
"1508",2012-11-16,"Microwave",24
"1509",2012-11-17,"Microwave",24
"1510",2012-11-18,"Microwave",24
"1511",2012-11-19,"Microwave",24
"1512",2012-11-20,"Microwave",24
"1513",2012-11-21,"Microwave",24
"1514",2012-11-22,"Microwave",24
"1515",2012-11-23,"Microwave",24
"1516",2012-11-24,"Microwave",24
"1517",2012-11-25,"Microwave",24
"1518",2012-11-26,"Microwave",24
"1519",2012-11-27,"Microwave",24
"1520",2012-11-28,"Microwave",24
"1521",2012-11-29,"Microwave",24
"1522",2012-11-30,"Microwave",24
"1523",2012-12-01,"Microwave",24
"1524",2012-12-02,"Microwave",24
"1525",2012-12-03,"Microwave",24
"1526",2012-12-04,"Microwave",24
"1527",2012-12-05,"Microwave",24
"1528",2012-12-06,"Microwave",24
"1529",2012-12-07,"Microwave",24
"1530",2012-12-08,"Microwave",24
"1531",2012-12-09,"Microwave",24
"1532",2012-12-10,"Microwave",24
"1533",2012-12-11,"Microwave",24
"1534",2012-12-12,"Microwave",24
"1535",2012-12-13,"Microwave",24
"1536",2012-12-14,"Microwave",24
"1537",2012-12-15,"Microwave",24
"1538",2012-12-16,"Microwave",24
"1539",2012-12-17,"Microwave",24
"1540",2012-12-18,"Microwave",24
"1541",2012-12-19,"Microwave",24
"1542",2012-12-20,"Microwave",24
"1543",2012-12-21,"Microwave",24
"1544",2012-12-22,"Microwave",24
"1545",2012-12-23,"Microwave",24
"1546",2012-12-24,"Microwave",24
"1547",2012-12-25,"Microwave",24
"1548",2012-12-26,"Microwave",24
"1549",2012-12-27,"Microwave",24
"1550",2012-12-28,"Microwave",24
"1551",2012-12-29,"Microwave",24
"1552",2012-12-30,"Microwave",24
"1553",2012-12-31,"Microwave",24
"1554",2013-01-01,"Microwave",24
"1555",2013-01-02,"Microwave",24
"1556",2013-01-03,"Microwave",24
"1557",2013-01-04,"Microwave",24
"1558",2013-01-05,"Microwave",24
"1559",2013-01-06,"Microwave",24
"1560",2013-01-07,"Microwave",24
